customer_id,total_refund_amount
C00407,13509.570000000002
C00306,11760.85
C00296,11314.7
C00492,10062.65
C00127,9709.55
C00350,9667.4
C00298,9545.01
C00254,9210.740000000002
C00081,8989.529999999999
C00462,8894.91
